id,rule_id,new_value,issuer_tier,doc_tier,line,expected,phenomenon
C01,R-PK-01,5 ngày,3,1,Hỏi: Em muốn phúc khảo bài thi cuối kỳ thì phải nộp đơn trong bao lâu? Đáp: Sinh viên nộp đơn đề nghị phúc khảo trong thời hạn 7 ngày kể từ ngày công bố điểm trên cổng thông tin đào tạo.,AUTO,writer:P1; faq; canonical
C02,R-PK-01,5 ngày,3,1,"Đáp: Sau khi nhận đơn, Hội đồng chấm phúc khảo sẽ công bố kết quả phúc khảo trong vòng 7 ngày làm việc; sinh viên theo dõi kết quả trên cổng thông tin đào tạo.",U1,writer:P1; same_topic_other_measure:result_time
C03,R-DK-01,30 tín chỉ,3,1,"Hỏi: Học kỳ chính em được đăng ký tối đa bao nhiêu tín chỉ? Đáp: Mỗi học kỳ chính, sinh viên được đăng ký tối đa 24 tín chỉ (không tính các học phần Giáo dục thể chất, Giáo dục quốc phòng – an ninh).",AUTO,writer:P1; faq; parenthetical_exclusion
C04,R-DK-01,30 tín chỉ,3,1,Sinh viên bị cảnh báo học vụ chỉ được đăng ký tối đa 14 tín chỉ/học kỳ; sinh viên năm cuối cần tích lũy đủ 124 tín chỉ để được xét tốt nghiệp.,NONE,writer:P1; trap:substring 14/124; same_topic
C05,R-PK-01,5 ngày,3,1,Thông báo: Thời gian nhận đơn xin chấm lại bài thi học kỳ 2 năm học 2025–2026 kéo dài một tuần kể từ ngày công bố điểm.,U1,writer:P1; unit_conversion:mot tuan; synonym:cham lai; notice
C06,R-PK-01,5 ngày,2,3,"Điều 25. Phúc khảo bài thi: Trong thời hạn 7 ngày kể từ ngày công bố điểm học phần, sinh viên có quyền nộp đơn đề nghị phúc khảo tại Phòng Đào tạo.",U3,writer:P1; regulation; tier_lock:doc3>issuer2
C07,R-PK-01,5 ngày,3,1,"Đáp: Nếu không đồng ý với kết quả phúc khảo, sinh viên có thể gửi đơn khiếu nại; Phòng Thanh tra – Pháp chế sẽ trả lời trong thời hạn 7 ngày kể từ ngày nhận đơn.",U2,writer:P1; cross_policy:R-KN-01; topic_word_phuc_khao_present
C08,R-DK-01,30 tín chỉ,3,1,"Đáp: Sinh viên có điểm trung bình tích lũy từ 3,20 trở lên được làm đơn xin học vượt, khi đó khối lượng đăng ký có thể vượt mức 24 tín chỉ nhưng không quá 28 tín chỉ/học kỳ.",U1,writer:P1; coupled_value:28 ceiling depends on base; edit alone creates contradiction
C09,R-KN-01,5 ngày,3,1,Hỏi: Em gửi đơn khiếu nại về việc xếp lớp thì bao lâu được trả lời? Đáp: Đơn vị tiếp nhận có trách nhiệm phản hồi đơn khiếu nại của người học chậm nhất 07 ngày kể từ ngày nhận được đơn hợp lệ.,AUTO,writer:P1; zero_padded:07; faq
C10,R-PK-01,5 ngày,3,1,Đáp: Thời hạn nộp đơn phúc tra là bảy ngày kể từ ngày điểm được công bố chính thức.,U1,writer:P1; spelled_out:bay ngay; synonym:phuc tra
C11,R-DK-01,30 tín chỉ,3,1,Lưu ý: Hệ thống đăng ký học phần sẽ tự động chặn khi tổng khối lượng đăng ký của sinh viên vượt quá 24 tín chỉ/học kỳ; sinh viên cần hủy bớt học phần trước ngày 15/01/2027.,AUTO,writer:P1; other_numbers:date; notice
C12,R-PK-01,5 ngày,3,1,"Đáp: Bài thi viết sau khi chấm được lưu tại Khoa ít nhất 7 ngày trước khi chuyển vào kho lưu trữ, sinh viên có thể xin xem lại bài trong thời gian này.",U1,writer:P1; same_topic_other_measure:storage_time; synonym:xin xem lai bai
C13,R-PK-01,5 ngày,3,1,"Chào em, muốn phúc khảo thì em làm đơn nộp PĐT trong vòng 7 ngày kể từ ngày có điểm nha, trễ là k nhận đâu.",AUTO,"writer:P2; chat; abbrev:PDT,k"
C14,R-PK-01,5 ngày,1,1,Em nộp đơn phúc khảo trong 7 ngay ke tu ngay cong bo diem nhé,U1,writer:P2; chat; no_diacritics:7 ngay
C15,R-DK-01,30 tín chỉ,3,1,"Kỳ này SV đk tối đa 24TC thôi em, đk dư là hệ thống tự hủy bớt học phần đó.",AUTO,"writer:P2; chat; unit_abbrev:TC (judged standard in academic docs); abbrev:SV,dk"
C16,R-KN-01,5 ngày,3,1,"Đơn khiếu nại của em khoa đã chuyển lên P.TTPC rồi, theo quy định bên đó phải phản hồi trong 7 ngày, em chờ thêm mấy hôm nữa nhé.",AUTO,writer:P2; chat; abbrev:P.TTPC
C17,R-KN-01,5 ngày,3,1,"Bạn nào muốn khiếu nại điểm thi thì trước hết phải làm đơn phúc khảo nộp PĐT trong 7 ngày kể từ khi có điểm nhé, phúc khảo xong vẫn k đồng ý mới làm đơn khiếu nại.",U2,writer:P2; cross_policy:R-PK-01; topic_word_khieu_nai_present
C18,R-PK-01,5 ngày,3,1,"Lịch thi lại dự kiến sau 17 ngày kể từ khi có điểm, mấy em chú ý theo dõi email trường nha.",NONE,writer:P2; trap:17 ngay
C19,R-XN-01,2 ngày,2,1,"Giấy xác nhận SV thì em đk online trên cổng CTSV, 3 ngày làm việc là có, lên P.CTSV nhận nhé.",AUTO,"writer:P2; chat; working_days; abbrev:dk,CTSV"
C20,R-PK-01,5 ngày,3,1,"Mấy bạn muốn xin xem lại bài thi giữa kỳ thì nhắn thầy trong tuần này nha, quá 7 ngày là thầy hủy bài.",U1,writer:P2; chat; same_topic_other_measure:retention; informal_review_not_phuc_khao
C21,R-TC-01,15 triệu,3,1,"Thầy cô cần ứng trước kinh phí hội thảo từ 10tr trở xuống thì chỉ cần trưởng khoa ký duyệt, trên mức đó phải trình Ban Giám hiệu ạ.",AUTO,writer:P2; email; synonym:ung truoc; format:10tr
C22,R-TC-01,15 triệu,3,1,Khoản chi mua thiết bị phòng lab từ 10 triệu trở lên nhớ lấy đủ 2 chữ ký kiểm soát (KT trưởng + trưởng phòng KHTC) rồi mới gửi hồ sơ nha mọi người.,U2,writer:P2; email; cross_policy:R-TC-02
C23,R-DK-01,30 tín chỉ,3,1,"Kỳ này em đk tới hai mươi bốn tín chỉ là kịch trần rồi, k thêm được nữa đâu.",U1,writer:P2; chat; spelled_out:hai muoi bon
C24,R-KN-01,5 ngày,1,2,Bước 3: Thư ký khoa chuyển đơn khiếu nại cho Trưởng khoa; khoa phản hồi người học bằng văn bản trong thời hạn 7 ngày kể từ ngày nhận đơn.,U3,writer:P2; procedure_khoa; tier_lock:doc2>issuer1
C25,R-TC-01,15 triệu,3,2,"Bước 2. Trưởng đơn vị xem xét, phê duyệt Giấy đề nghị tạm ứng đối với khoản tạm ứng có giá trị không vượt quá 10.000.000 đồng (mười triệu đồng).",U1,writer:P3; procedure; mixed_form:numeric+spelled_out in same line
C26,R-TC-01,15 triệu,3,2,- Tạm ứng ≤ 10 triệu đồng: Trưởng đơn vị duyệt; > 10 triệu đồng: trình Hiệu trưởng phê duyệt.,AUTO,writer:P3; bullet; two_occurrences_same_policy; symbols
C27,R-TC-02,15 triệu,2,2,Điểm 4.3: Chứng từ chi có giá trị từ 10.000.000 đồng trở lên phải có đủ hai chữ ký kiểm soát của Kế toán trưởng và Trưởng phòng KH-TC trước khi thanh toán.,AUTO,writer:P3; procedure; format:10.000.000 dong; equal_tier
C28,R-TC-02,15 triệu,3,2,- Trưởng đơn vị chỉ được duyệt tạm ứng tối đa 10tr/lần; vượt mức phải chuyển P.KHTC thẩm định.,U2,writer:P3; bullet; cross_policy:R-TC-01
C29,R-TC-02,15 triệu,3,1,Checklist hồ sơ thanh toán: [ ] Hóa đơn GTGT; [ ] Biên bản nghiệm thu (đối với hợp đồng trên 110 triệu); [ ] Bảng kê chi tiết.,NONE,writer:P3; checklist; trap:110 trieu
C30,R-TC-02,15 triệu,2,3,Điều 12 Quy chế chi tiêu nội bộ: Mọi khoản chi từ 10 triệu đồng trở lên phải có hai chữ ký kiểm soát.,U3,writer:P3; regulation; tier_lock:doc3>issuer2
C31,R-TC-01,15 triệu,3,2,"Ví dụ: Khoa X tạm ứng 10 triệu đồng cho hội nghị, sau khi quyết toán 8,5 triệu đồng thì hoàn trả 1,5 triệu đồng trong 05 ngày làm việc.",U1,writer:P3; example_amount; other_numbers
C32,R-XN-01,2 ngày,2,2,"Bước 3: Chuyên viên P.CTSV kiểm tra thông tin, in và trình ký Giấy xác nhận sinh viên; thời gian trả kết quả: 03 ngày làm việc kể từ ngày nhận yêu cầu hợp lệ.",AUTO,writer:P3; procedure; zero_padded:03; working_days
C33,R-XN-01,2 ngày,2,1,"- Giấy xác nhận vay vốn: sau 3 ngày kể từ ngày có kết quả mà SV không đến nhận, hồ sơ được chuyển lưu tại bộ phận một cửa.",U1,writer:P3; same_topic_other_measure:pickup_holding_period
C34,R-XN-01,2 ngày,2,2,Thời gian giải quyết: 3 ngày làm việc.,U1,writer:P3; checklist_fragment; no_topic_in_line
C35,R-XN-01,2 ngày,1,2,Bước 4: P.CTSV trả Giấy xác nhận sinh viên cho người học trong thời hạn 3 ngày làm việc kể từ ngày tiếp nhận hồ sơ.,U3,writer:P3; procedure; tier_lock:doc2>issuer1
C36,R-TC-01,15 triệu,3,2,Hồ sơ đề nghị thanh toán tạm ứng có giá trị từ 10 triệu đồng trở lên phải có chữ ký kiểm soát của Kế toán trưởng và Trưởng phòng KH-TC.,U2,writer:P3; cross_policy:R-TC-02; topic_word_tam_ung_present
